{
  "model": "gpt-5.4",
  "dry_run": false,
  "modes": [
    "full",
    "after-only",
    "swap-test",
    "text-only"
  ],
  "reports": {
    "full": {
      "num_samples": 300,
      "action_accuracy": 0.2833333333333333,
      "macro_f1": 0.1198664379068151,
      "format_compliance_rate": 1.0,
      "format_compliance_rate_raw": 1.0,
      "format_compliance_rate_repaired": 1.0,
      "json_valid_rate": 1.0,
      "recovery_rate_at_k": 0.09666666666666666,
      "semi_loop_task_completion_rate": 0.09666666666666666,
      "last_action_executable_rate": 0.8633333333333333,
      "repair_applied_count": 0,
      "avg_steps_to_recover": 1.0,
      "failure_breakdown": {
        "F1": {
          "count": 60,
          "action_acc": 0.6166666666666667
        },
        "F2": {
          "count": 60,
          "action_acc": 0.21666666666666667
        },
        "F3": {
          "count": 60,
          "action_acc": 0.18333333333333332
        },
        "F4": {
          "count": 60,
          "action_acc": 0.31666666666666665
        },
        "F5": {
          "count": 60,
          "action_acc": 0.08333333333333333
        }
      },
      "label_counts": {
        "F1": 60,
        "F2": 60,
        "F3": 60,
        "F4": 60,
        "F5": 60
      },
      "ci95": {
        "action_accuracy": {
          "mean": 0.2833333333333333,
          "low": 0.23666666666666666,
          "high": 0.3333333333333333,
          "n_boot": 1000
        },
        "macro_f1": {
          "mean": 0.1198664379068151,
          "low": 0.08954758731699852,
          "high": 0.15891577362961026,
          "n_boot": 1000
        },
        "format_compliance_rate_raw": {
          "mean": 1.0,
          "low": 1.0,
          "high": 1.0,
          "n_boot": 1000
        },
        "format_compliance_rate_repaired": {
          "mean": 1.0,
          "low": 1.0,
          "high": 1.0,
          "n_boot": 1000
        },
        "recovery_rate_at_k": {
          "mean": 0.09666666666666666,
          "low": 0.06666666666666667,
          "high": 0.13,
          "n_boot": 1000
        },
        "semi_loop_task_completion_rate": {
          "mean": 0.09666666666666666,
          "low": 0.06666666666666667,
          "high": 0.13,
          "n_boot": 1000
        }
      }
    },
    "after-only": {
      "num_samples": 300,
      "action_accuracy": 0.24666666666666667,
      "macro_f1": 0.09129348436137608,
      "format_compliance_rate": 1.0,
      "format_compliance_rate_raw": 0.9933333333333333,
      "format_compliance_rate_repaired": 1.0,
      "json_valid_rate": 1.0,
      "recovery_rate_at_k": 0.08333333333333333,
      "semi_loop_task_completion_rate": 0.08333333333333333,
      "last_action_executable_rate": 0.8666666666666667,
      "repair_applied_count": 2,
      "avg_steps_to_recover": 1.0,
      "failure_breakdown": {
        "F1": {
          "count": 60,
          "action_acc": 0.5333333333333333
        },
        "F2": {
          "count": 60,
          "action_acc": 0.21666666666666667
        },
        "F3": {
          "count": 60,
          "action_acc": 0.16666666666666666
        },
        "F4": {
          "count": 60,
          "action_acc": 0.2833333333333333
        },
        "F5": {
          "count": 60,
          "action_acc": 0.03333333333333333
        }
      },
      "label_counts": {
        "F1": 60,
        "F2": 60,
        "F3": 60,
        "F4": 60,
        "F5": 60
      },
      "ci95": {
        "action_accuracy": {
          "mean": 0.24666666666666667,
          "low": 0.20333333333333334,
          "high": 0.2966666666666667,
          "n_boot": 1000
        },
        "macro_f1": {
          "mean": 0.09129348436137608,
          "low": 0.0700549785215329,
          "high": 0.12958174294336725,
          "n_boot": 1000
        },
        "format_compliance_rate_raw": {
          "mean": 0.9933333333333333,
          "low": 0.9833333333333333,
          "high": 1.0,
          "n_boot": 1000
        },
        "format_compliance_rate_repaired": {
          "mean": 1.0,
          "low": 1.0,
          "high": 1.0,
          "n_boot": 1000
        },
        "recovery_rate_at_k": {
          "mean": 0.08333333333333333,
          "low": 0.05658333333333333,
          "high": 0.11333333333333333,
          "n_boot": 1000
        },
        "semi_loop_task_completion_rate": {
          "mean": 0.08333333333333333,
          "low": 0.05658333333333333,
          "high": 0.11333333333333333,
          "n_boot": 1000
        }
      }
    },
    "swap-test": {
      "num_samples": 300,
      "action_accuracy": 0.2833333333333333,
      "macro_f1": 0.1074438625916753,
      "format_compliance_rate": 1.0,
      "format_compliance_rate_raw": 1.0,
      "format_compliance_rate_repaired": 1.0,
      "json_valid_rate": 1.0,
      "recovery_rate_at_k": 0.10666666666666667,
      "semi_loop_task_completion_rate": 0.10666666666666667,
      "last_action_executable_rate": 0.8166666666666667,
      "repair_applied_count": 0,
      "avg_steps_to_recover": 1.0,
      "failure_breakdown": {
        "F1": {
          "count": 60,
          "action_acc": 0.48333333333333334
        },
        "F2": {
          "count": 60,
          "action_acc": 0.26666666666666666
        },
        "F3": {
          "count": 60,
          "action_acc": 0.2
        },
        "F4": {
          "count": 60,
          "action_acc": 0.4
        },
        "F5": {
          "count": 60,
          "action_acc": 0.06666666666666667
        }
      },
      "label_counts": {
        "F1": 60,
        "F2": 60,
        "F3": 60,
        "F4": 60,
        "F5": 60
      },
      "ci95": {
        "action_accuracy": {
          "mean": 0.2833333333333333,
          "low": 0.23666666666666666,
          "high": 0.3333333333333333,
          "n_boot": 1000
        },
        "macro_f1": {
          "mean": 0.1074438625916753,
          "low": 0.08545843999280939,
          "high": 0.15319289363365138,
          "n_boot": 1000
        },
        "format_compliance_rate_raw": {
          "mean": 1.0,
          "low": 1.0,
          "high": 1.0,
          "n_boot": 1000
        },
        "format_compliance_rate_repaired": {
          "mean": 1.0,
          "low": 1.0,
          "high": 1.0,
          "n_boot": 1000
        },
        "recovery_rate_at_k": {
          "mean": 0.10666666666666667,
          "low": 0.07333333333333333,
          "high": 0.14333333333333334,
          "n_boot": 1000
        },
        "semi_loop_task_completion_rate": {
          "mean": 0.10666666666666667,
          "low": 0.07333333333333333,
          "high": 0.14333333333333334,
          "n_boot": 1000
        }
      }
    },
    "text-only": {
      "num_samples": 300,
      "action_accuracy": 0.16666666666666666,
      "macro_f1": 0.11616188475777217,
      "format_compliance_rate": 0.9933333333333333,
      "format_compliance_rate_raw": 0.9933333333333333,
      "format_compliance_rate_repaired": 0.9933333333333333,
      "json_valid_rate": 1.0,
      "recovery_rate_at_k": 0.1,
      "semi_loop_task_completion_rate": 0.1,
      "last_action_executable_rate": 0.8366666666666667,
      "repair_applied_count": 0,
      "avg_steps_to_recover": 1.0,
      "failure_breakdown": {
        "F1": {
          "count": 60,
          "action_acc": 0.08333333333333333
        },
        "F2": {
          "count": 60,
          "action_acc": 0.25
        },
        "F3": {
          "count": 60,
          "action_acc": 0.13333333333333333
        },
        "F4": {
          "count": 60,
          "action_acc": 0.25
        },
        "F5": {
          "count": 60,
          "action_acc": 0.11666666666666667
        }
      },
      "label_counts": {
        "F1": 60,
        "F2": 60,
        "F3": 60,
        "F4": 60,
        "F5": 60
      },
      "ci95": {
        "action_accuracy": {
          "mean": 0.16666666666666666,
          "low": 0.12666666666666668,
          "high": 0.21,